<?xml version="1.0" encoding="utf-8"?>
<UANodeSet xmlns:xsi="http://www.w3.org/2001/XMLSchema-instance" xmlns:uax="http://opcfoundation.org/UA/2008/02/Types.xsd" xmlns="http://opcfoundation.org/UA/2011/03/UANodeSet.xsd" xmlns:s1="http://yourorganisation.org/demo_modeler/Types.xsd" xmlns:s2="http://dieei.unict.it/coreAAS/Types.xsd" xmlns:ua="http://unifiedautomation.com/Configuration/NodeSet.xsd" xmlns:xsd="http://www.w3.org/2001/XMLSchema">
    <NamespaceUris>
        <Uri>http://yourorganisation.org/demo_modeler/</Uri>
        <Uri>http://dieei.unict.it/coreAAS/</Uri>
    </NamespaceUris>
    <Aliases>
        <Alias Alias="String">i=12</Alias>
        <Alias Alias="Organizes">i=35</Alias>
        <Alias Alias="HasTypeDefinition">i=40</Alias>
        <Alias Alias="HasProperty">i=46</Alias>
        <Alias Alias="HasComponent">i=47</Alias>
        <Alias Alias="Identifier">ns=2;i=3004</Alias>
        <Alias Alias="Key">ns=2;i=3007</Alias>
        <Alias Alias="PropertyCategory">ns=2;i=3008</Alias>
        <Alias Alias="PropertyValueType">ns=2;i=3009</Alias>
        <Alias Alias="HasAsset">ns=2;i=4002</Alias>
        <Alias Alias="HasConceptDescription">ns=2;i=4003</Alias>
        <Alias Alias="HasSemantic">ns=2;i=4007</Alias>
        <Alias Alias="HasLocalSemantic">ns=2;i=4008</Alias>
    </Aliases>
    <Extensions>
        <Extension>
            <ua:ModelInfo Tool="UaModeler" Hash="36kqK9cv+iK7wC2yUxfamg==" Version="1.6.2"/>
        </Extension>
    </Extensions>
    <UAObject NodeId="ns=1;i=5002" BrowseName="1:PC_AAS">
        <DisplayName>PC_AAS</DisplayName>
        <References>
            <Reference ReferenceType="HasTypeDefinition">ns=2;i=1002</Reference>
            <Reference ReferenceType="Organizes" IsForward="false">ns=2;i=5044</Reference>
            <Reference ReferenceType="HasComponent">ns=1;i=5001</Reference>
            <Reference ReferenceType="HasProperty">ns=1;i=6004</Reference>
            <Reference ReferenceType="HasProperty">ns=1;i=6001</Reference>
            <Reference ReferenceType="HasAsset">ns=1;i=5005</Reference>
            <Reference ReferenceType="HasComponent">ns=1;i=5003</Reference>
        </References>
    </UAObject>
    <UAObject ParentNodeId="ns=1;i=5002" NodeId="ns=1;i=5001" BrowseName="2:ConceptDictionaries">
        <DisplayName>ConceptDictionaries</DisplayName>
        <References>
            <Reference ReferenceType="HasConceptDescription">ns=1;i=5010</Reference>
            <Reference ReferenceType="HasTypeDefinition">i=61</Reference>
            <Reference ReferenceType="HasComponent" IsForward="false">ns=1;i=5002</Reference>
        </References>
    </UAObject>
    <UAObject NodeId="ns=1;i=5010" BrowseName="1:CPUArch_Description">
        <DisplayName>CPUArch_Description</DisplayName>
        <References>
            <Reference ReferenceType="HasTypeDefinition">ns=2;i=1008</Reference>
            <Reference ReferenceType="HasConceptDescription" IsForward="false">ns=1;i=5001</Reference>
            <Reference ReferenceType="HasComponent">ns=1;i=5009</Reference>
            <Reference ReferenceType="HasProperty">ns=1;i=6012</Reference>
            <Reference ReferenceType="HasLocalSemantic" IsForward="false">ns=1;i=5008</Reference>
            <Reference ReferenceType="Organizes" IsForward="false">ns=2;i=5046</Reference>
        </References>
    </UAObject>
    <UAObject ParentNodeId="ns=1;i=5010" NodeId="ns=1;i=5009" BrowseName="1:Embedded_DS_1">
        <DisplayName>Embedded_DS_1</DisplayName>
        <Description>An ObjectType encapsulating all the information related to data specifcation templates</Description>
        <References>
            <Reference ReferenceType="HasComponent">ns=1;i=5011</Reference>
            <Reference ReferenceType="HasTypeDefinition">ns=2;i=1007</Reference>
            <Reference ReferenceType="HasComponent" IsForward="false">ns=1;i=5010</Reference>
            <Reference ReferenceType="HasComponent">ns=1;i=5012</Reference>
        </References>
    </UAObject>
    <UAObject ParentNodeId="ns=1;i=5009" NodeId="ns=1;i=5011" BrowseName="2:dataSpecificationContent">
        <DisplayName>dataSpecificationContent</DisplayName>
        <References>
            <Reference ReferenceType="HasComponent" IsForward="false">ns=1;i=5009</Reference>
            <Reference ReferenceType="HasTypeDefinition">ns=2;i=1006</Reference>
            <Reference ReferenceType="HasProperty">ns=1;i=6014</Reference>
            <Reference ReferenceType="HasProperty">ns=1;i=6015</Reference>
            <Reference ReferenceType="HasProperty">ns=1;i=6016</Reference>
        </References>
    </UAObject>
    <UAVariable DataType="String" ParentNodeId="ns=1;i=5011" NodeId="ns=1;i=6014" BrowseName="2:preferredName" AccessLevel="3">
        <DisplayName>preferredName</DisplayName>
        <References>
            <Reference ReferenceType="HasTypeDefinition">i=68</Reference>
            <Reference ReferenceType="HasProperty" IsForward="false">ns=1;i=5011</Reference>
        </References>
        <Value>
            <uax:String>Type of processor</uax:String>
        </Value>
    </UAVariable>
    <UAVariable DataType="String" ParentNodeId="ns=1;i=5011" NodeId="ns=1;i=6015" BrowseName="2:shortName" AccessLevel="3">
        <DisplayName>shortName</DisplayName>
        <References>
            <Reference ReferenceType="HasTypeDefinition">i=68</Reference>
            <Reference ReferenceType="HasProperty" IsForward="false">ns=1;i=5011</Reference>
        </References>
        <Value>
            <uax:String>-</uax:String>
        </Value>
    </UAVariable>
    <UAVariable DataType="String" ParentNodeId="ns=1;i=5011" NodeId="ns=1;i=6016" BrowseName="2:valueFormat" AccessLevel="3">
        <DisplayName>valueFormat</DisplayName>
        <References>
            <Reference ReferenceType="HasTypeDefinition">i=68</Reference>
            <Reference ReferenceType="HasProperty" IsForward="false">ns=1;i=5011</Reference>
        </References>
        <Value>
            <uax:String>STRING</uax:String>
        </Value>
    </UAVariable>
    <UAObject ParentNodeId="ns=1;i=5009" NodeId="ns=1;i=5012" BrowseName="2:hasDataSpecification">
        <DisplayName>hasDataSpecification</DisplayName>
        <References>
            <Reference ReferenceType="HasTypeDefinition">ns=2;i=1004</Reference>
            <Reference ReferenceType="HasComponent" IsForward="false">ns=1;i=5009</Reference>
            <Reference ReferenceType="HasProperty">ns=1;i=6013</Reference>
        </References>
    </UAObject>
    <UAVariable DataType="Key" ParentNodeId="ns=1;i=5012" ValueRank="1" NodeId="ns=1;i=6013" ArrayDimensions="0" BrowseName="2:key" AccessLevel="3">
        <DisplayName>key</DisplayName>
        <References>
            <Reference ReferenceType="HasProperty" IsForward="false">ns=1;i=5012</Reference>
            <Reference ReferenceType="HasTypeDefinition">i=68</Reference>
        </References>
        <Value>
            <uax:ListOfExtensionObject>
                <uax:ExtensionObject>
                    <uax:TypeId>
                        <uax:Identifier>ns=2;i=5005</uax:Identifier>
                    </uax:TypeId>
                    <uax:Body>
                        <Key xmlns="http://dieei.unict.it/coreAAS/Types.xsd">
                            <idType>URI_2</idType>
                            <local>false</local>
                            <type>GlobalReference_0</type>
                            <value>www.admin-shell.io/DataSpecificationTemplates/DataSpecificationIEC61360</value>
                        </Key>
                    </uax:Body>
                </uax:ExtensionObject>
            </uax:ListOfExtensionObject>
        </Value>
    </UAVariable>
    <UAVariable DataType="Identifier" ParentNodeId="ns=1;i=5010" NodeId="ns=1;i=6012" BrowseName="2:identification" AccessLevel="3">
        <DisplayName>identification</DisplayName>
        <References>
            <Reference ReferenceType="HasTypeDefinition">i=68</Reference>
            <Reference ReferenceType="HasProperty" IsForward="false">ns=1;i=5010</Reference>
        </References>
    </UAVariable>
    <UAVariable DataType="String" ParentNodeId="ns=1;i=5002" NodeId="ns=1;i=6004" BrowseName="2:description" AccessLevel="3">
        <DisplayName>description</DisplayName>
        <References>
            <Reference ReferenceType="HasTypeDefinition">i=68</Reference>
            <Reference ReferenceType="HasProperty" IsForward="false">ns=1;i=5002</Reference>
        </References>
    </UAVariable>
    <UAVariable DataType="Identifier" ParentNodeId="ns=1;i=5002" NodeId="ns=1;i=6001" BrowseName="2:identification" AccessLevel="3">
        <DisplayName>identification</DisplayName>
        <References>
            <Reference ReferenceType="HasTypeDefinition">i=68</Reference>
            <Reference ReferenceType="HasProperty" IsForward="false">ns=1;i=5002</Reference>
        </References>
        <Value>
            <uax:ExtensionObject>
                <uax:TypeId>
                    <uax:Identifier>ns=2;i=5002</uax:Identifier>
                </uax:TypeId>
                <uax:Body>
                    <Identifier xmlns="http://dieei.unict.it/coreAAS/Types.xsd">
                        <id>//aas/tu_dresden/apb/pc_123456</id>
                        <idType>URI_1</idType>
                    </Identifier>
                </uax:Body>
            </uax:ExtensionObject>
        </Value>
    </UAVariable>
    <UAObject NodeId="ns=1;i=5005" BrowseName="1:PC_Asset">
        <DisplayName>PC_Asset</DisplayName>
        <References>
            <Reference ReferenceType="HasTypeDefinition">ns=2;i=1014</Reference>
            <Reference ReferenceType="HasProperty">ns=1;i=6002</Reference>
            <Reference ReferenceType="HasProperty">ns=1;i=6003</Reference>
            <Reference ReferenceType="HasAsset" IsForward="false">ns=1;i=5002</Reference>
            <Reference ReferenceType="Organizes" IsForward="false">ns=2;i=5045</Reference>
        </References>
    </UAObject>
    <UAVariable DataType="Identifier" ParentNodeId="ns=1;i=5005" NodeId="ns=1;i=6002" BrowseName="2:identification" AccessLevel="3">
        <DisplayName>identification</DisplayName>
        <References>
            <Reference ReferenceType="HasTypeDefinition">i=68</Reference>
            <Reference ReferenceType="HasProperty" IsForward="false">ns=1;i=5005</Reference>
        </References>
        <Value>
            <uax:ExtensionObject>
                <uax:TypeId>
                    <uax:Identifier>ns=2;i=5002</uax:Identifier>
                </uax:TypeId>
                <uax:Body>
                    <Identifier xmlns="http://dieei.unict.it/coreAAS/Types.xsd">
                        <id>45ASTY58-8956989-45AZ99</id>
                        <idType>IRDI_0</idType>
                    </Identifier>
                </uax:Body>
            </uax:ExtensionObject>
        </Value>
    </UAVariable>
    <UAVariable DataType="String" ParentNodeId="ns=1;i=5005" NodeId="ns=1;i=6003" BrowseName="2:idShort" AccessLevel="3">
        <DisplayName>idShort</DisplayName>
        <References>
            <Reference ReferenceType="HasTypeDefinition">i=68</Reference>
            <Reference ReferenceType="HasProperty" IsForward="false">ns=1;i=5005</Reference>
        </References>
    </UAVariable>
    <UAObject ParentNodeId="ns=1;i=5002" NodeId="ns=1;i=5003" BrowseName="2:Submodels">
        <DisplayName>Submodels</DisplayName>
        <References>
            <Reference ReferenceType="Organizes">ns=1;i=5006</Reference>
            <Reference ReferenceType="HasTypeDefinition">i=61</Reference>
            <Reference ReferenceType="HasComponent" IsForward="false">ns=1;i=5002</Reference>
        </References>
    </UAObject>
    <UAObject NodeId="ns=1;i=5006" BrowseName="1:Configuration_123">
        <DisplayName>Configuration_123</DisplayName>
        <References>
            <Reference ReferenceType="Organizes" IsForward="false">ns=1;i=5003</Reference>
            <Reference ReferenceType="HasProperty">ns=1;i=6005</Reference>
            <Reference ReferenceType="HasProperty">ns=1;i=6006</Reference>
            <Reference ReferenceType="HasComponent">ns=1;i=5004</Reference>
            <Reference ReferenceType="HasTypeDefinition">ns=2;i=1013</Reference>
            <Reference ReferenceType="Organizes" IsForward="false">ns=2;i=5047</Reference>
        </References>
    </UAObject>
    <UAVariable DataType="Identifier" ParentNodeId="ns=1;i=5006" NodeId="ns=1;i=6005" BrowseName="2:identification" AccessLevel="3">
        <DisplayName>identification</DisplayName>
        <References>
            <Reference ReferenceType="HasTypeDefinition">i=68</Reference>
            <Reference ReferenceType="HasProperty" IsForward="false">ns=1;i=5006</Reference>
        </References>
    </UAVariable>
    <UAVariable DataType="String" ParentNodeId="ns=1;i=5006" NodeId="ns=1;i=6006" BrowseName="2:idShort" AccessLevel="3">
        <DisplayName>idShort</DisplayName>
        <References>
            <Reference ReferenceType="HasTypeDefinition">i=68</Reference>
            <Reference ReferenceType="HasProperty" IsForward="false">ns=1;i=5006</Reference>
        </References>
    </UAVariable>
    <UAObject ParentNodeId="ns=1;i=5006" NodeId="ns=1;i=5004" BrowseName="2:SubmodelElements">
        <DisplayName>SubmodelElements</DisplayName>
        <References>
            <Reference ReferenceType="Organizes">ns=1;i=5008</Reference>
            <Reference ReferenceType="HasTypeDefinition">i=61</Reference>
            <Reference ReferenceType="HasComponent" IsForward="false">ns=1;i=5006</Reference>
        </References>
    </UAObject>
    <UAObject NodeId="ns=1;i=5008" BrowseName="1:CPU_Arch">
        <DisplayName>CPU_Arch</DisplayName>
        <References>
            <Reference ReferenceType="HasProperty">ns=1;i=6008</Reference>
            <Reference ReferenceType="Organizes" IsForward="false">ns=1;i=5004</Reference>
            <Reference ReferenceType="HasLocalSemantic">ns=1;i=5010</Reference>
            <Reference ReferenceType="HasProperty">ns=1;i=6007</Reference>
            <Reference ReferenceType="HasSemantic">ns=1;i=5007</Reference>
            <Reference ReferenceType="HasTypeDefinition">ns=2;i=1012</Reference>
            <Reference ReferenceType="HasProperty">ns=1;i=6010</Reference>
            <Reference ReferenceType="HasProperty">ns=1;i=6011</Reference>
        </References>
    </UAObject>
    <UAVariable DataType="PropertyCategory" ParentNodeId="ns=1;i=5008" NodeId="ns=1;i=6008" BrowseName="2:category" AccessLevel="3">
        <DisplayName>category</DisplayName>
        <References>
            <Reference ReferenceType="HasTypeDefinition">i=68</Reference>
            <Reference ReferenceType="HasProperty" IsForward="false">ns=1;i=5008</Reference>
        </References>
        <Value>
            <uax:Int32>0</uax:Int32>
        </Value>
    </UAVariable>
    <UAVariable DataType="String" ParentNodeId="ns=1;i=5008" NodeId="ns=1;i=6007" BrowseName="2:idShort" AccessLevel="3">
        <DisplayName>idShort</DisplayName>
        <References>
            <Reference ReferenceType="HasTypeDefinition">i=68</Reference>
            <Reference ReferenceType="HasProperty" IsForward="false">ns=1;i=5008</Reference>
        </References>
    </UAVariable>
    <UAObject ParentNodeId="ns=1;i=5008" NodeId="ns=1;i=5007" BrowseName="2:semanticId">
        <DisplayName>semanticId</DisplayName>
        <References>
            <Reference ReferenceType="HasTypeDefinition">ns=2;i=1004</Reference>
            <Reference ReferenceType="HasProperty">ns=1;i=6009</Reference>
            <Reference ReferenceType="HasSemantic" IsForward="false">ns=1;i=5008</Reference>
        </References>
    </UAObject>
    <UAVariable DataType="Key" ParentNodeId="ns=1;i=5007" ValueRank="1" NodeId="ns=1;i=6009" ArrayDimensions="0" BrowseName="2:key" AccessLevel="3">
        <DisplayName>key</DisplayName>
        <References>
            <Reference ReferenceType="HasProperty" IsForward="false">ns=1;i=5007</Reference>
            <Reference ReferenceType="HasTypeDefinition">i=68</Reference>
        </References>
        <Value>
            <uax:ListOfExtensionObject>
                <uax:ExtensionObject>
                    <uax:TypeId>
                        <uax:Identifier>ns=2;i=5005</uax:Identifier>
                    </uax:TypeId>
                    <uax:Body>
                        <Key xmlns="http://dieei.unict.it/coreAAS/Types.xsd">
                            <idType>IRDI_1</idType>
                            <local>true</local>
                            <type>ConceptDescription_17</type>
                            <value>0173-1#02-AAP802#001 </value>
                        </Key>
                    </uax:Body>
                </uax:ExtensionObject>
            </uax:ListOfExtensionObject>
        </Value>
    </UAVariable>
    <UAVariable DataType="String" ParentNodeId="ns=1;i=5008" NodeId="ns=1;i=6010" BrowseName="2:value" AccessLevel="3">
        <DisplayName>value</DisplayName>
        <References>
            <Reference ReferenceType="HasTypeDefinition">i=68</Reference>
            <Reference ReferenceType="HasProperty" IsForward="false">ns=1;i=5008</Reference>
        </References>
        <Value>
            <uax:String>x64</uax:String>
        </Value>
    </UAVariable>
    <UAVariable DataType="PropertyValueType" ParentNodeId="ns=1;i=5008" NodeId="ns=1;i=6011" BrowseName="2:valueType" AccessLevel="3">
        <DisplayName>valueType</DisplayName>
        <References>
            <Reference ReferenceType="HasTypeDefinition">i=68</Reference>
            <Reference ReferenceType="HasProperty" IsForward="false">ns=1;i=5008</Reference>
        </References>
        <Value>
            <uax:Int32>37</uax:Int32>
        </Value>
    </UAVariable>
</UANodeSet>
