<?xml version="1.0" standalone="yes"?>
<dsDatosLocales xmlns="http://tempuri.org/dsDatosLocales.xsd">
    <DireccionServicioRest>http://37.111.111.111:8099/</DireccionServicioRest>
    <Proyecto>EXTRUSION</Proyecto>
    <ConexionSQL>
        <Servidor>37.111.111.111,1067</Servidor>
        <Base>Plastisoft_Plastigraf_Extrusion</Base>
        <Usuario>anonimo</Usuario>
        <Contraseña>d.password</Contraseña>
        <AutentificacionWindows>false</AutentificacionWindows>
    </ConexionSQL>
    <Empresa>
        <Empresa>01</Empresa>
    </Empresa>
    <ConexionSQLRemota>
        <Servidor>37.111.111.111,1067</Servidor>
        <Base>Plastisoft_Plastigraf_Extrusion</Base>
        <Usuario>anonimo</Usuario>
        <Contraseña>d.password</Contraseña>
        <AutentificacionWindows>false</AutentificacionWindows>
    </ConexionSQLRemota>
</dsDatosLocales>